{
  "economist": {
    "thresh_high": 27.012525825899594,
    "thresh_mid": 5.887870123764179,
    "thresh_low": 11.572130722067811,
    "buy_2_thresh": 15.0,
    "greed_turn_end": 6.556475060280888,
    "spike_turn_end": 14.773731014667712,
    "greed_gold_thresh": 15.0,
    "spike_r4_thresh": 42.07452062733782,
    "convert_r5_thresh": 80.0,
    "spike_buy_count": 3.1891953600814538,
    "convert_buy_count": 3.6086842743641023
  }
}